Test Name,Accuracy,F1 Score,Significance: Accuracy,Significance: F1 Score
BLR_Audio_Arousal - Co-Training_4,0.009280673950811289,0.003675936687086694,0,0
BLR_Audio_Arousal - Co-Training_8,0.10676290034672305,0.06354772733055078,1,1
BLR_Audio_Arousal - Co-Training_12,0.11654586365258758,0.08760498160383896,1,1
BLR_Audio_Arousal - Tri-Training_4,0.7327633356041747,0.869791375985508,1,1
BLR_Audio_Arousal - Tri-Training_8,0.7315522849470506,0.9555394226265144,1,1
BLR_Audio_Arousal - Tri-Training_12,0.6572002370673042,0.9510122330124785,1,1
BLR_Audio_Arousal - SSGMM_4,1.1884392683333264e-06,0.6960043493330338,0,1
BLR_Audio_Arousal - SSGMM_8,1.1884392683333264e-06,0.6960043493330338,0,1
BLR_Audio_Arousal - SSGMM_12,1.1884392683333264e-06,0.6960043493330338,0,1
BLR_Audio_Arousal - Assemble_4,0.8594945022874789,0.21621995154280382,1,1
BLR_Audio_Arousal - Assemble_8,0.7266296001957024,0.7703568959854441,1,1
BLR_Audio_Arousal - Assemble_12,0.8532334832219421,0.949711216936661,1,1
BLR_Audio_Arousal - SemiBoost_4,5.592214447828828e-08,5.328634877530512e-05,0,0
BLR_Audio_Arousal - SemiBoost_8,0.0011715174112037882,0.07911587449783797,0,1
BLR_Audio_Arousal - SemiBoost_12,0.6644851931279584,0.3708193125993916,1,1
BLR_Audio_Valence - Co-Training_4,0.5418625278481184,0.11124317553624044,1,1
BLR_Audio_Valence - Co-Training_8,0.6501342525213435,0.47039378762887574,1,1
BLR_Audio_Valence - Co-Training_12,0.7833651112595954,0.6455769049981149,1,1
BLR_Audio_Valence - Tri-Training_4,0.858029943652478,0.8681228377453557,1,1
BLR_Audio_Valence - Tri-Training_8,0.8685837744555632,0.8381956905702702,1,1
BLR_Audio_Valence - Tri-Training_12,0.8012330732629099,0.9430428016947281,1,1
BLR_Audio_Valence - SSGMM_4,0.18699537985092018,0.03362594162820063,1,0
BLR_Audio_Valence - SSGMM_8,0.18699537985092018,0.03362594162820063,1,0
BLR_Audio_Valence - SSGMM_12,0.18699537985092018,0.03362594162820063,1,0
BLR_Audio_Valence - Assemble_4,0.5321835719440442,0.37747747747773763,1,1
BLR_Audio_Valence - Assemble_8,0.9296636565428399,0.33594084934677415,1,1
BLR_Audio_Valence - Assemble_12,0.6711624943370156,0.7351805743195078,1,1
BLR_Audio_Valence - SemiBoost_4,0.011123627500223067,0.22265480688398637,0,1
BLR_Audio_Valence - SemiBoost_8,0.13702689239375007,0.5131907440403943,1,1
BLR_Audio_Valence - SemiBoost_12,0.48485806405592446,0.16665194250623705,1,1
BLR_Visual_Arousal - Co-Training_4,0.5684110111405223,0.045193184282056174,1,0
BLR_Visual_Arousal - Co-Training_8,0.6733573805351876,0.24367417414547135,1,1
BLR_Visual_Arousal - Co-Training_12,0.9014264186333009,0.6184561692897734,1,1
BLR_Visual_Arousal - Tri-Training_4,0.41422799511600683,0.6372187451007554,1,1
BLR_Visual_Arousal - Tri-Training_8,0.6453604966299943,0.9139452917948583,1,1
BLR_Visual_Arousal - Tri-Training_12,0.972235337858357,0.9947064411033791,1,1
BLR_Visual_Arousal - SSGMM_4,0.022732238561715083,0.0015500626404889718,0,0
BLR_Visual_Arousal - SSGMM_8,0.022732238561715083,0.0015500626404889718,0,0
BLR_Visual_Arousal - SSGMM_12,0.024157875653159876,0.00151707502171261,0,0
BLR_Visual_Arousal - Assemble_4,0.7326966526775567,0.8464452200682915,1,1
BLR_Visual_Arousal - Assemble_8,0.4355962313448625,0.8399832994818288,1,1
BLR_Visual_Arousal - Assemble_12,0.15387498699477548,0.5034020435841078,1,1
BLR_Visual_Arousal - SemiBoost_4,0.0019354579314271826,0.001527267814775213,0,0
BLR_Visual_Arousal - SemiBoost_8,0.0017706464120257265,0.24215956524760324,0,1
BLR_Visual_Arousal - SemiBoost_12,0.1897684886138492,0.424626484901791,1,1
BLR_Visual_Valence - Co-Training_4,0.1932835269571677,0.04532411875972441,1,0
BLR_Visual_Valence - Co-Training_8,0.21667193478314453,0.2000546737391291,1,1
BLR_Visual_Valence - Co-Training_12,0.06046974799156023,0.9070294514416377,1,1
BLR_Visual_Valence - Tri-Training_4,0.60384691040358,0.7545451528719658,1,1
BLR_Visual_Valence - Tri-Training_8,0.6574746371734869,0.8371495055823832,1,1
BLR_Visual_Valence - Tri-Training_12,0.9212435732643471,0.9524614181118765,1,1
BLR_Visual_Valence - SSGMM_4,0.2817800207233568,0.04719748742978962,1,0
BLR_Visual_Valence - SSGMM_8,0.7601715571062159,0.23206442860044707,1,1
BLR_Visual_Valence - SSGMM_12,0.858163002954879,0.9490938938585165,1,1
BLR_Visual_Valence - Assemble_4,0.45145350779167503,0.8025925712465154,1,1
BLR_Visual_Valence - Assemble_8,0.41977173650047783,0.7994999748434477,1,1
BLR_Visual_Valence - Assemble_12,0.3079115846421022,0.4824340912630515,1,1
BLR_Visual_Valence - SemiBoost_4,0.6337619082933057,0.6637142815422936,1,1
BLR_Visual_Valence - SemiBoost_8,0.7858876576225485,0.6916110188263545,1,1
BLR_Visual_Valence - SemiBoost_12,0.7550012295135444,0.8490543175944073,1,1
BLR_Phys_Arousal - Co-Training_4,0.1057848604428845,0.00384957957186574,1,0
BLR_Phys_Arousal - Co-Training_8,0.6337125063187735,0.09532346594956552,1,1
BLR_Phys_Arousal - Co-Training_12,0.6571582690584498,0.6205718024062878,1,1
BLR_Phys_Arousal - Tri-Training_4,0.4828278710230405,0.7276883566567913,1,1
BLR_Phys_Arousal - Tri-Training_8,0.861391774700191,0.9729797226123282,1,1
BLR_Phys_Arousal - Tri-Training_12,0.6734595347763994,0.6501777125692396,1,1
BLR_Phys_Arousal - SSGMM_4,0.00041610904614233833,0.12423672523180584,0,1
BLR_Phys_Arousal - SSGMM_8,0.00046492861524404086,0.12369169938661655,0,1
BLR_Phys_Arousal - SSGMM_12,0.00038475852215183513,0.12898816447313455,0,1
BLR_Phys_Arousal - Assemble_4,0.7435280076989934,0.9860221973781225,1,1
BLR_Phys_Arousal - Assemble_8,0.6141837843892763,0.8332120990942152,1,1
BLR_Phys_Arousal - Assemble_12,0.7383148915912205,0.8804471969604725,1,1
BLR_Phys_Arousal - SemiBoost_4,1.9866957412205572e-05,0.09001284144713963,0,1
BLR_Phys_Arousal - SemiBoost_8,0.0055195838930375595,0.10249726229465429,0,1
BLR_Phys_Arousal - SemiBoost_12,0.7911638643930586,0.9969838543746745,1,1
BLR_Phys_Valence - Co-Training_4,0.8385296840384003,0.020017405752056832,1,0
BLR_Phys_Valence - Co-Training_8,0.2617867394159982,0.21479230791530818,1,1
BLR_Phys_Valence - Co-Training_12,0.6001076501151262,0.5251834249245155,1,1
BLR_Phys_Valence - Tri-Training_4,0.35198602146257274,0.5348147355970311,1,1
BLR_Phys_Valence - Tri-Training_8,0.49168489036795227,0.7777790203798911,1,1
BLR_Phys_Valence - Tri-Training_12,0.8650609072581638,0.879253916964181,1,1
BLR_Phys_Valence - SSGMM_4,0.2727264805794267,0.1074300508517639,1,1
BLR_Phys_Valence - SSGMM_8,0.27349327572908483,0.09684027075532717,1,1
BLR_Phys_Valence - SSGMM_12,0.2753609009312126,0.09978428275655675,1,1
BLR_Phys_Valence - Assemble_4,0.5254351756129474,0.6943145716311994,1,1
BLR_Phys_Valence - Assemble_8,0.38058066149957925,0.4767975443038164,1,1
BLR_Phys_Valence - Assemble_12,0.839625892912842,0.8223964892354004,1,1
BLR_Phys_Valence - SemiBoost_4,0.0012600487908265695,0.01763949449167759,0,0
BLR_Phys_Valence - SemiBoost_8,0.02050363912518912,0.13844639091457467,0,1
BLR_Phys_Valence - SemiBoost_12,0.4355199180468128,0.978660843612777,1,1
BLR_All_Arousal - Co-Training_4,0.036090652559508635,0.039632066649477264,0,0
BLR_All_Arousal - Co-Training_8,0.20512141340396328,0.16449010666012198,1,1
BLR_All_Arousal - Co-Training_12,0.5710618007000046,0.703494870252339,1,1
BLR_All_Arousal - Tri-Training_4,0.6884245648702356,0.9937923397293275,1,1
BLR_All_Arousal - Tri-Training_8,0.9357538148882527,0.5863438423460352,1,1
BLR_All_Arousal - Tri-Training_12,0.8371357431380039,0.920155342566994,1,1
BLR_All_Arousal - SSGMM_4,1.6726352189966246e-05,0.6199414466931902,0,1
BLR_All_Arousal - SSGMM_8,1.6726352189966246e-05,0.6199414466931902,0,1
BLR_All_Arousal - SSGMM_12,1.6726352189966246e-05,0.6199414466931902,0,1
BLR_All_Arousal - Assemble_4,0.6615634598600537,0.8148075065841841,1,1
BLR_All_Arousal - Assemble_8,0.902899574243929,0.6337538397258422,1,1
BLR_All_Arousal - Assemble_12,0.9236297324909137,0.8830349022584427,1,1
BLR_All_Arousal - SemiBoost_4,6.401527939261647e-05,0.0661020493790183,0,1
BLR_All_Arousal - SemiBoost_8,0.01419984133994131,0.2657561944033022,0,1
BLR_All_Arousal - SemiBoost_12,0.7497768151040264,0.9227381539392114,1,1
BLR_All_Valence - Co-Training_4,0.2927336389205272,0.07874870967114045,1,1
BLR_All_Valence - Co-Training_8,0.9943142225914937,0.3491854552788215,1,1
BLR_All_Valence - Co-Training_12,0.870480012848551,0.5955893512377581,1,1
BLR_All_Valence - Tri-Training_4,0.7876566150119666,0.6003590756303748,1,1
BLR_All_Valence - Tri-Training_8,0.8557208877985291,0.9004960610705002,1,1
BLR_All_Valence - Tri-Training_12,0.9207231927998915,0.9493433039407123,1,1
BLR_All_Valence - SSGMM_4,0.08105387926322581,0.14972896176182965,1,1
BLR_All_Valence - SSGMM_8,0.08105387926322581,0.14972896176182965,1,1
BLR_All_Valence - SSGMM_12,0.08105387926322581,0.14972896176182965,1,1
BLR_All_Valence - Assemble_4,0.5579006912279837,0.574596981971591,1,1
BLR_All_Valence - Assemble_8,0.5876023173843461,0.76915153748821,1,1
BLR_All_Valence - Assemble_12,0.7494915174292648,0.9855979814678926,1,1
BLR_All_Valence - SemiBoost_4,0.0021969739223664,0.12411943256269366,0,1
BLR_All_Valence - SemiBoost_8,0.12636347652522878,0.7950583693810291,1,1
BLR_All_Valence - SemiBoost_12,0.8346033595464245,0.5729334465367613,1,1
RF_Audio_Arousal - Co-Training_4,0.26406483778249207,0.46020848227513056,1,1
RF_Audio_Arousal - Co-Training_8,0.21134641547006086,0.6378220007993303,1,1
RF_Audio_Arousal - Co-Training_12,0.030545650920656482,0.06886067621514036,0,1
RF_Audio_Arousal - Tri-Training_4,0.026923040320570486,0.0376611091443074,0,0
RF_Audio_Arousal - Tri-Training_8,0.321373333105508,0.7453514147538425,1,1
RF_Audio_Arousal - Tri-Training_12,0.7483654090761884,0.6484849010997162,1,1
RF_Audio_Arousal - SSGMM_4,0.03350166651918957,0.00026369412374918763,0,0
RF_Audio_Arousal - SSGMM_8,0.03350166651918957,0.00026369412374918763,0,0
RF_Audio_Arousal - SSGMM_12,0.03350166651918957,0.00026369412374918763,0,0
RF_Audio_Arousal - Assemble_4,0.000804875274873985,9.14275166786384e-05,0,0
RF_Audio_Arousal - Assemble_8,0.005776377655912091,0.010652731284798544,0,0
RF_Audio_Arousal - Assemble_12,0.012331307437670592,0.0928980389375619,0,1
RF_Audio_Arousal - SemiBoost_4,0.0790000888234925,0.2411414411708906,1,1
RF_Audio_Arousal - SemiBoost_8,0.21959105768560946,0.8531250939924581,1,1
RF_Audio_Arousal - SemiBoost_12,0.4041912357801557,0.2466966501776039,1,1
RF_Audio_Valence - Co-Training_4,0.6636768504620332,0.4591032962524768,1,1
RF_Audio_Valence - Co-Training_8,0.7121883960407527,0.8918172652685479,1,1
RF_Audio_Valence - Co-Training_12,0.7671197763371319,0.9312969127981093,1,1
RF_Audio_Valence - Tri-Training_4,0.9229059690263175,0.5871966079011142,1,1
RF_Audio_Valence - Tri-Training_8,0.14306313279792104,0.16047644779524325,1,1
RF_Audio_Valence - Tri-Training_12,0.08150629247698,0.09023536770132273,1,1
RF_Audio_Valence - SSGMM_4,0.5368347225759513,0.00043411099537214563,1,0
RF_Audio_Valence - SSGMM_8,0.5368347225759513,0.00043411099537214563,1,0
RF_Audio_Valence - SSGMM_12,0.5368347225759513,0.00043411099537214563,1,0
RF_Audio_Valence - Assemble_4,0.8697632020988468,0.2614768843700836,1,1
RF_Audio_Valence - Assemble_8,0.5505261699618368,0.07054054546894398,1,1
RF_Audio_Valence - Assemble_12,0.7597798118955946,0.021167043319183815,1,0
RF_Audio_Valence - SemiBoost_4,0.48572610400098337,0.5345379320425194,1,1
RF_Audio_Valence - SemiBoost_8,0.11628730671770744,0.5633198018167794,1,1
RF_Audio_Valence - SemiBoost_12,0.5241417419899784,0.9435020580119347,1,1
RF_Visual_Arousal - Co-Training_4,0.08999331750725319,0.21626306344231785,1,1
RF_Visual_Arousal - Co-Training_8,0.2733959352441533,0.6472716532951013,1,1
RF_Visual_Arousal - Co-Training_12,0.0920376497237368,0.16420829190326375,1,1
RF_Visual_Arousal - Tri-Training_4,0.08457958831350343,0.03438466879352435,1,0
RF_Visual_Arousal - Tri-Training_8,0.8202342199072784,0.1996805460801028,1,1
RF_Visual_Arousal - Tri-Training_12,0.48757099786737934,0.18467711996391578,1,1
RF_Visual_Arousal - SSGMM_4,0.04432865504582091,0.01640320877119727,0,0
RF_Visual_Arousal - SSGMM_8,0.04432865504582091,0.01640320877119727,0,0
RF_Visual_Arousal - SSGMM_12,0.047439824417446375,0.015725984817961072,0,0
RF_Visual_Arousal - Assemble_4,0.7120839604104485,0.657207955577332,1,1
RF_Visual_Arousal - Assemble_8,0.042734065561061116,0.22179263539855698,0,1
RF_Visual_Arousal - Assemble_12,0.0045430434241223,0.07768621105634357,0,1
RF_Visual_Arousal - SemiBoost_4,0.09228707484215738,0.1508325993572985,1,1
RF_Visual_Arousal - SemiBoost_8,0.003893957580550135,0.37465654462344045,0,1
RF_Visual_Arousal - SemiBoost_12,0.062239670646673295,0.3578944361981141,1,1
RF_Visual_Valence - Co-Training_4,0.20425405541639918,0.8517109328207462,1,1
RF_Visual_Valence - Co-Training_8,0.9437405989498386,0.9766205094700771,1,1
RF_Visual_Valence - Co-Training_12,0.49265812049194047,0.42258758323888856,1,1
RF_Visual_Valence - Tri-Training_4,0.7515167690971609,0.37978853170044746,1,1
RF_Visual_Valence - Tri-Training_8,0.35317292398043654,0.9557470293070205,1,1
RF_Visual_Valence - Tri-Training_12,0.48798398928415787,0.7939158802018222,1,1
RF_Visual_Valence - SSGMM_4,0.03019198544539627,0.004441348042978982,0,0
RF_Visual_Valence - SSGMM_8,0.14851157959625613,0.04885773942876787,1,0
RF_Visual_Valence - SSGMM_12,0.3532308277592845,0.37755994380653424,1,1
RF_Visual_Valence - Assemble_4,0.9388126757117038,0.7349013749166993,1,1
RF_Visual_Valence - Assemble_8,0.8881903915142688,0.4696274682392454,1,1
RF_Visual_Valence - Assemble_12,0.7270676410961762,0.3053008191832115,1,1
RF_Visual_Valence - SemiBoost_4,0.19341803556088236,0.778881119963498,1,1
RF_Visual_Valence - SemiBoost_8,0.06754732025522198,0.23813928667066592,1,1
RF_Visual_Valence - SemiBoost_12,0.5111236843897038,0.09517080632150458,1,1
RF_Phys_Arousal - Co-Training_4,0.27071459190333524,0.28677912693418534,1,1
RF_Phys_Arousal - Co-Training_8,0.25327476084230577,0.1436801345528056,1,1
RF_Phys_Arousal - Co-Training_12,0.30267209820839663,0.3066600742244948,1,1
RF_Phys_Arousal - Tri-Training_4,0.8260866886846882,0.5800652384188636,1,1
RF_Phys_Arousal - Tri-Training_8,0.653236375778057,0.5189599798367159,1,1
RF_Phys_Arousal - Tri-Training_12,0.820482530988101,0.9186399189101015,1,1
RF_Phys_Arousal - SSGMM_4,0.0019308331613526438,0.03710681003360808,0,0
RF_Phys_Arousal - SSGMM_8,0.0021082034675161893,0.03743840270704084,0,0
RF_Phys_Arousal - SSGMM_12,0.001778769182481601,0.03960382161662017,0,0
RF_Phys_Arousal - Assemble_4,0.6194862373361697,0.4461788541190421,1,1
RF_Phys_Arousal - Assemble_8,0.7767275248523894,0.7140407356037803,1,1
RF_Phys_Arousal - Assemble_12,0.8408685630574353,0.6695170347661741,1,1
RF_Phys_Arousal - SemiBoost_4,0.0033241056953735924,0.11333907982197632,0,1
RF_Phys_Arousal - SemiBoost_8,0.0008562568764298002,0.3583133766334371,0,1
RF_Phys_Arousal - SemiBoost_12,0.6695907593533748,0.672307239313917,1,1
RF_Phys_Valence - Co-Training_4,0.45194568713987215,0.024130539947520967,1,0
RF_Phys_Valence - Co-Training_8,0.8444994344483137,0.2771623460052484,1,1
RF_Phys_Valence - Co-Training_12,0.9266691207484153,0.41197070036766126,1,1
RF_Phys_Valence - Tri-Training_4,0.8286118580081563,0.957035405784286,1,1
RF_Phys_Valence - Tri-Training_8,0.8619460803424406,0.913621069639931,1,1
RF_Phys_Valence - Tri-Training_12,0.9613862101086694,0.805150898125063,1,1
RF_Phys_Valence - SSGMM_4,0.1398240487005702,0.06913132416158049,1,1
RF_Phys_Valence - SSGMM_8,0.13849335530539642,0.059238003135016266,1,1
RF_Phys_Valence - SSGMM_12,0.14081619166748388,0.062182942612392156,1,1
RF_Phys_Valence - Assemble_4,0.6570012112159145,0.7025105748669214,1,1
RF_Phys_Valence - Assemble_8,0.9847687372183869,0.6720133129414014,1,1
RF_Phys_Valence - Assemble_12,0.7230587046317734,0.8178886360808302,1,1
RF_Phys_Valence - SemiBoost_4,0.0017698148156792524,0.01627878019757287,0,0
RF_Phys_Valence - SemiBoost_8,0.12165354201068078,0.33385386571639,1,1
RF_Phys_Valence - SemiBoost_12,0.6530294342052511,0.943033967200791,1,1
RF_All_Arousal - Co-Training_4,0.17037920972496082,0.029220481564884885,1,0
RF_All_Arousal - Co-Training_8,0.3588197370712344,0.15676529317988058,1,1
RF_All_Arousal - Co-Training_12,0.15518515945274472,0.04418407977016638,1,0
RF_All_Arousal - Tri-Training_4,0.9215132508689231,0.7967221998698351,1,1
RF_All_Arousal - Tri-Training_8,0.6244222722151693,0.7064446168471397,1,1
RF_All_Arousal - Tri-Training_12,0.6857265210709941,0.9586551487908739,1,1
RF_All_Arousal - SSGMM_4,9.291810388163232e-05,0.44037146580536646,0,1
RF_All_Arousal - SSGMM_8,9.291810388163232e-05,0.44037146580536646,0,1
RF_All_Arousal - SSGMM_12,9.291810388163232e-05,0.44037146580536646,0,1
RF_All_Arousal - Assemble_4,0.4135083697007783,0.9112904875846499,1,1
RF_All_Arousal - Assemble_8,0.2717364413356782,0.9178992158832655,1,1
RF_All_Arousal - Assemble_12,0.2677563662507225,0.9980456907190081,1,1
RF_All_Arousal - SemiBoost_4,3.6670542907050027e-07,0.004997241701019007,0,0
RF_All_Arousal - SemiBoost_8,0.018078354395692754,0.13531407714068924,0,1
RF_All_Arousal - SemiBoost_12,0.7280241408354835,0.9664872093233072,1,1
RF_All_Valence - Co-Training_4,0.022562004606570825,0.002828592928143007,0,0
RF_All_Valence - Co-Training_8,0.5109113758388923,0.34392875979469695,1,1
RF_All_Valence - Co-Training_12,0.8072913644470566,0.8453760257303006,1,1
RF_All_Valence - Tri-Training_4,0.880726638686376,0.9566468690426968,1,1
RF_All_Valence - Tri-Training_8,0.4128361646663662,0.8740779338126943,1,1
RF_All_Valence - Tri-Training_12,0.7391691113459256,0.803452102371703,1,1
RF_All_Valence - SSGMM_4,0.14056897753144657,0.022710921135958,1,0
RF_All_Valence - SSGMM_8,0.14056897753144657,0.022710921135958,1,0
RF_All_Valence - SSGMM_12,0.14056897753144657,0.022710921135958,1,0
RF_All_Valence - Assemble_4,0.6793829266353038,0.371839655277613,1,1
RF_All_Valence - Assemble_8,0.5175843650215856,0.7108922993055002,1,1
RF_All_Valence - Assemble_12,0.5381281397386225,0.5646903168903383,1,1
RF_All_Valence - SemiBoost_4,0.025654223383037814,0.423537933605745,0,1
RF_All_Valence - SemiBoost_8,0.0005859462703969844,0.10344862373020583,0,1
RF_All_Valence - SemiBoost_12,0.6629381303585642,0.7556307310224436,1,1
NN_Audio_Arousal - Co-Training_4,0.09618962548278302,0.016531458102783177,1,0
NN_Audio_Arousal - Co-Training_8,0.6826948736821054,0.25882732587245344,1,1
NN_Audio_Arousal - Co-Training_12,0.9796723871503865,0.8861689587236365,1,1
NN_Audio_Arousal - Tri-Training_4,0.334125285475528,0.4089953114029218,1,1
NN_Audio_Arousal - Tri-Training_8,0.815775742351343,0.8280182411295163,1,1
NN_Audio_Arousal - Tri-Training_12,0.8123348248262032,0.8909402808908942,1,1
NN_Audio_Arousal - SSGMM_4,4.847647114899224e-05,0.17946563523747494,0,1
NN_Audio_Arousal - SSGMM_8,4.847647114899224e-05,0.17946563523747494,0,1
NN_Audio_Arousal - SSGMM_12,4.847647114899224e-05,0.17946563523747494,0,1
NN_Audio_Arousal - SemiBoost_4,0.09167123456742983,0.634224707570407,1,1
NN_Audio_Arousal - SemiBoost_8,0.29480991920621014,0.8688798268354743,1,1
NN_Audio_Arousal - SemiBoost_12,0.9445944605052676,0.3639481433598082,1,1
NN_Audio_Valence - Co-Training_4,0.6777664105093305,0.01994011818966268,1,0
NN_Audio_Valence - Co-Training_8,0.500464976726269,0.6641938640811675,1,1
NN_Audio_Valence - Co-Training_12,0.7905754770920378,0.764307386680942,1,1
NN_Audio_Valence - Tri-Training_4,0.9569818279606758,0.9269698417891648,1,1
NN_Audio_Valence - Tri-Training_8,0.7638024666662369,0.9819417000429156,1,1
NN_Audio_Valence - Tri-Training_12,0.93235308554469,0.965344970395222,1,1
NN_Audio_Valence - SSGMM_4,0.5326246173548033,0.008257424753792738,1,0
NN_Audio_Valence - SSGMM_8,0.5326246173548033,0.008257424753792738,1,0
NN_Audio_Valence - SSGMM_12,0.5326246173548033,0.008257424753792738,1,0
NN_Audio_Valence - SemiBoost_4,0.30603644714612205,0.39941632967403173,1,1
NN_Audio_Valence - SemiBoost_8,0.928237381618837,0.17478996900080648,1,1
NN_Audio_Valence - SemiBoost_12,0.49673652232846144,0.6674766130962504,1,1
NN_Visual_Arousal - Co-Training_4,0.10730925438087997,0.0025390235900638767,1,0
NN_Visual_Arousal - Co-Training_8,0.34792295602131496,0.06524268114342666,1,1
NN_Visual_Arousal - Co-Training_12,0.8018112694557796,0.1649371760233685,1,1
NN_Visual_Arousal - Tri-Training_4,0.195078938814116,0.641132209841757,1,1
NN_Visual_Arousal - Tri-Training_8,0.3033238895559754,0.5260099372820364,1,1
NN_Visual_Arousal - Tri-Training_12,0.6125517496802518,0.6445592608227997,1,1
NN_Visual_Arousal - SSGMM_4,0.010374053267840813,0.0250548014473316,0,0
NN_Visual_Arousal - SSGMM_8,0.010374053267840813,0.0250548014473316,0,0
NN_Visual_Arousal - SSGMM_12,0.010941326954663213,0.024710127768558066,0,0
NN_Visual_Arousal - SemiBoost_4,0.011452020703980095,0.5203070772952177,0,1
NN_Visual_Arousal - SemiBoost_8,0.7859844049345475,0.6658414593706556,1,1
NN_Visual_Arousal - SemiBoost_12,0.9731367044017425,0.6604845022695809,1,1
NN_Visual_Valence - Co-Training_4,0.5249765579267706,0.07278307749776489,1,1
NN_Visual_Valence - Co-Training_8,0.9003396564479651,0.34763537907207187,1,1
NN_Visual_Valence - Co-Training_12,0.9884749127824444,0.3984575266377782,1,1
NN_Visual_Valence - Tri-Training_4,0.9868420087644472,0.7803958890448471,1,1
NN_Visual_Valence - Tri-Training_8,0.7055942181167348,0.9865795378150972,1,1
NN_Visual_Valence - Tri-Training_12,0.9789529927685775,0.884352990387758,1,1
NN_Visual_Valence - SSGMM_4,0.18502726706899927,0.04479144980386696,1,0
NN_Visual_Valence - SSGMM_8,0.5225455460748809,0.22278475085685664,1,1
NN_Visual_Valence - SSGMM_12,0.8471686498067967,0.9251590428144196,1,1
NN_Visual_Valence - SemiBoost_4,0.2742610151184349,0.06372102130068324,1,1
NN_Visual_Valence - SemiBoost_8,0.5453234133726268,0.3114000356121785,1,1
NN_Visual_Valence - SemiBoost_12,0.2870658768000329,0.19621694856485394,1,1
NN_Phys_Arousal - Co-Training_4,0.987340885718859,0.16115636578392542,1,1
NN_Phys_Arousal - Co-Training_8,0.7227121967614272,0.4024615371243345,1,1
NN_Phys_Arousal - Co-Training_12,0.6132302742959459,0.8588597062424201,1,1
NN_Phys_Arousal - Tri-Training_4,0.46324024664137287,0.675245595457237,1,1
NN_Phys_Arousal - Tri-Training_8,0.4199584569171614,0.2677547141064865,1,1
NN_Phys_Arousal - Tri-Training_12,0.6410179255014158,0.7497955312366295,1,1
NN_Phys_Arousal - SSGMM_4,0.06101389175935278,0.005221422072991369,1,0
NN_Phys_Arousal - SSGMM_8,0.06502658730204053,0.00524967515887268,1,0
NN_Phys_Arousal - SSGMM_12,0.05547679446026248,0.005470456453125026,1,0
NN_Phys_Arousal - SemiBoost_4,0.6370976526624136,0.5746906745588325,1,1
NN_Phys_Arousal - SemiBoost_8,0.7381676747700565,0.2245751982903099,1,1
NN_Phys_Arousal - SemiBoost_12,0.6762603315411422,0.25052132517227016,1,1
NN_Phys_Valence - Co-Training_4,0.6262541708056388,0.11713990177390694,1,1
NN_Phys_Valence - Co-Training_8,0.4665918613570629,0.86020924680323,1,1
NN_Phys_Valence - Co-Training_12,0.5041442258140956,0.7088929438907148,1,1
NN_Phys_Valence - Tri-Training_4,0.6071255650674059,0.5882556528556406,1,1
NN_Phys_Valence - Tri-Training_8,0.4202105801411139,0.44163760103341665,1,1
NN_Phys_Valence - Tri-Training_12,0.6122608685739204,0.9419129683495062,1,1
NN_Phys_Valence - SSGMM_4,0.48871918448571583,0.0239898905650098,1,0
NN_Phys_Valence - SSGMM_8,0.49431802792453805,0.02139195468508987,1,0
NN_Phys_Valence - SSGMM_12,0.49397255853032207,0.02215002053570226,1,0
NN_Phys_Valence - SemiBoost_4,0.2945944720954595,0.7181023556221159,1,1
NN_Phys_Valence - SemiBoost_8,0.5540165300019533,0.4307873504925097,1,1
NN_Phys_Valence - SemiBoost_12,0.9346061909751913,0.7069160768414489,1,1
NN_All_Arousal - Co-Training_4,0.26237319523013036,0.05044178331498732,1,1
NN_All_Arousal - Co-Training_8,0.47781229557634564,0.15946111781811712,1,1
NN_All_Arousal - Co-Training_12,0.3518513988764894,0.21273965268523237,1,1
NN_All_Arousal - Tri-Training_4,0.3351268266127986,0.5838489157216995,1,1
NN_All_Arousal - Tri-Training_8,0.5002468083018801,0.44903471098784264,1,1
NN_All_Arousal - Tri-Training_12,0.8405733679474748,0.9765608561235758,1,1
NN_All_Arousal - SSGMM_4,0.010133888977538025,0.05487449870244962,0,1
NN_All_Arousal - SSGMM_8,0.010133888977538025,0.05487449870244962,0,1
NN_All_Arousal - SSGMM_12,0.010133888977538025,0.05487449870244962,0,1
NN_All_Arousal - SemiBoost_4,0.08494281418981835,0.46674480122710427,1,1
NN_All_Arousal - SemiBoost_8,0.8086353722275528,0.6949740887148625,1,1
NN_All_Arousal - SemiBoost_12,0.8480874131061302,0.4822775195639617,1,1
NN_All_Valence - Co-Training_4,0.6563356624326391,0.03582028494925664,1,0
NN_All_Valence - Co-Training_8,0.7959465073609713,0.1364963304204469,1,1
NN_All_Valence - Co-Training_12,0.20523624439444255,0.8217828270337791,1,1
NN_All_Valence - Tri-Training_4,0.38154536272526773,0.7274416776552425,1,1
NN_All_Valence - Tri-Training_8,0.8731644823769953,0.8891065353343105,1,1
NN_All_Valence - Tri-Training_12,0.3206589151260013,0.48644734358742725,1,1
NN_All_Valence - SSGMM_4,0.2873532762103989,0.03378433710427156,1,0
NN_All_Valence - SSGMM_8,0.2873532762103989,0.03378433710427156,1,0
NN_All_Valence - SSGMM_12,0.2873532762103989,0.03378433710427156,1,0
NN_All_Valence - SemiBoost_4,0.8641343561028425,0.7534280669054112,1,1
NN_All_Valence - SemiBoost_8,0.675152957637468,0.6751500405998669,1,1
NN_All_Valence - SemiBoost_12,0.9637983873997586,0.7480025712085234,1,1
