Test Name,Accuracy,Precision,Recall,F1 Score,Accuracy (Standard Deviation),Precision (Standard Deviation),Recall (Standard Deviation),F1 Score (Standard Deviation)
Binary Logistic Regression: AudioArousal,0.6674881516562418,0.6599696739827898,0.670130869900003,0.6650114591227179,0.03633644394072274,0.14490311030130473,0.053593691974166455,0.07943997593858719
Binary Logistic Regression: AudioValence,0.5626540284408771,0.5151630022764031,0.5693338919193074,0.5408955223912889,0.07062692457891005,0.22392889200991276,0.13367794184204781,0.1640447156852899
Binary Logistic Regression: VisualArousal,0.5647393364939616,0.48369977256438096,0.5773755656094592,0.5264026402690197,0.05139559056997444,0.19663175327017343,0.09083095483759686,0.10448690847343005
Binary Logistic Regression: VisualValence,0.4720379146814635,0.3904473085534133,0.4666968735701558,0.42518059854133233,0.05450957153556713,0.25670127141396165,0.20159703755067632,0.2101899788271684
Binary Logistic Regression: PhysArousal,0.6117535545006748,0.6057619408610838,0.6132003069898203,0.6094584286817057,0.05006176794735844,0.2101920630761199,0.058565157616594865,0.13191227540343145
Binary Logistic Regression: PhysValence,0.5526066350569718,0.6087945413063259,0.5473755964417178,0.5764536970433892,0.07101054746148089,0.2279717249976472,0.1340502943181173,0.13430779200436826
Binary Logistic Regression: AllArousal,0.6832227488088781,0.6285064442707675,0.7058322690421456,0.6649288149121013,0.06853272409583037,0.2266575124814864,0.047329890327748224,0.16012887707252366
Binary Logistic Regression: AllValence,0.5876777251120145,0.595147839259269,0.5864774000685317,0.5907808090215502,0.07864592464249039,0.24884243730759653,0.16587071036380768,0.17432615398309534
Neural Network: AudioArousal,0.6502369668239815,0.5822592873524726,0.6739798157011064,0.6247712019569888,0.057751320810290545,0.1465804272354892,0.057948141137034476,0.09127473766240353
Neural Network: AudioValence,0.5294786729810985,0.4450341167416415,0.535583941599808,0.48612836437870965,0.0741711804142667,0.2617686606431911,0.12278925043268926,0.1817966994336481
Neural Network: VisualArousal,0.5804739336465982,0.5212282031937878,0.5913978494557058,0.5541003425372345,0.05921280335265715,0.18043988259657232,0.05913245847102162,0.14186977042491283
Neural Network: VisualValence,0.48701421801988054,0.391584533746746,0.48406747892448015,0.43294216262545243,0.072189750843321,0.27587092753718867,0.2139169652029959,0.2108132511442537
Neural Network: PhysArousal,0.5463507108977181,0.4946929492058176,0.5517970401644668,0.5216869878062729,0.03956287418661374,0.24282156065322322,0.08357217146488617,0.14762467814731428
Neural Network: PhysValence,0.5338388625450878,0.5030326004416339,0.5361616161454545,0.5190690396880874,0.07547755387731596,0.2206357827187384,0.15407022996172973,0.16338684649135554
Neural Network: AllArousal,0.5994312796163022,0.525398028811696,0.6168224298983068,0.5674513817786389,0.08162030999102911,0.24845462149414893,0.05160068666669663,0.1754099007015888
Neural Network: AllValence,0.5457819905242574,0.5053070507941823,0.5499174917518553,0.5266693006718819,0.04794061522920834,0.22156050718463025,0.1772025041393856,0.18254647765790266
Random Forest: AudioArousal,0.5689099526001306,0.5064442759533982,0.5788561525056996,0.5402345329452107,0.06615139258000774,0.11489731199629157,0.04697771493896388,0.06269633170352212
Random Forest: AudioValence,0.5285308056749356,0.3802122820181206,0.5407008086066885,0.4464722902134274,0.06968798343216369,0.123206388293723,0.09185356171241264,0.11340393605043757
Random Forest: VisualArousal,0.5565876777223822,0.6899166034825243,0.5447470817093369,0.6087974577652221,0.05216301069076481,0.08609904173355093,0.0751554538441526,0.04010010919566504
Random Forest: VisualValence,0.5129857819801195,0.43404094010020483,0.5155335434352496,0.47129038895972153,0.04215541841332022,0.1671731446940151,0.1907735459966047,0.14776330368070453
Random Forest: PhysArousal,0.5986729857679596,0.5815011372122119,0.6022771888339223,0.5917068466588075,0.055440298398790534,0.15459338780962883,0.05284800041986405,0.09365195615474313
Random Forest: PhysValence,0.5708056872124565,0.5591357088762666,0.572593167710191,0.5657844265510115,0.06845581389350625,0.13039549275914789,0.1335296875559114,0.09202769074516613
Random Forest: AllArousal,0.6382938388680449,0.6637604245590975,0.6316738816883116,0.647319778193755,0.05556939871961293,0.1151289865128998,0.09104997614373674,0.047603099188314346
Random Forest: AllValence,0.5649289099517819,0.5280515542173163,0.5702005730624192,0.5483172603853704,0.04959945701448818,0.11816246747403815,0.11988753755991646,0.08232080120314957
Assemble: AudioArousalBLR4,0.67109004738895,0.7452615617768964,0.6490590954085351,0.6938415387262451,0.04297440018589256,0.0400404889119387,0.06720197671647886,0.03947539265565937
Assemble: AudioArousalBLR8,0.6606635071064658,0.700909780123961,0.6487719298241846,0.6738338192360002,0.040550452678765316,0.12729221945605215,0.05324085631522523,0.07350054614557117
Assemble: AudioArousalBLR12,0.6636966824657131,0.6743745261701075,0.6603563474351813,0.6672918229607342,0.043867570473901774,0.14725536279410037,0.05407632453304161,0.08377512432978582
Assemble: AudioArousalRF4,0.6726066350685738,0.6595905989297179,0.6773063448801449,0.6683310927546411,0.026391785128959067,0.06460593288936155,0.05447875200841337,0.0316133828876508
Assemble: AudioArousalRF8,0.667867298577549,0.6228203184193232,0.6845833333414427,0.6522429535546355,0.057894061684832125,0.12023420569066075,0.047651472271128335,0.0865171165441387
Assemble: AudioArousalRF12,0.6557345971690156,0.5788476118407083,0.6841397849596774,0.6271047228062159,0.05659479359614986,0.16029637320975867,0.07382113854202697,0.10566688053477227
Assemble: AudioValenceBLR4,0.5859715639916321,0.7191053828761148,0.5679640718639759,0.6346604215544819,0.07609851078948454,0.2696603231367599,0.08442127265451203,0.18329669148812647
Assemble: AudioValenceBLR8,0.5656872038001245,0.6546626232056658,0.5558416478986536,0.6012184508334266,0.06794333492128551,0.1899530012635381,0.10403984838581176,0.12960890599765404
Assemble: AudioValenceBLR12,0.5469194312882406,0.552312357852738,0.5465116279148275,0.549396681756501,0.07501316433629727,0.17700881020025303,0.11888151260432896,0.13036287464710966
Assemble: AudioValenceRF4,0.5236018957285521,0.4795299469301128,0.5259875259888486,0.5016855046608659,0.04733715943448467,0.15992732967828505,0.0994155518509727,0.1084276255794993
Assemble: AudioValenceRF8,0.506161137447405,0.23085670964075378,0.5139240506452172,0.31859795973152705,0.07691456060786214,0.14325819034508505,0.13542670517298563,0.1414901682965292
Assemble: AudioValenceRF12,0.5167772511877096,0.19711902957618319,0.5467928496357479,0.2897743104023975,0.08113264234957986,0.12588420461259814,0.13809816703522992,0.12791234808690827
Assemble: VisualArousalBLR4,0.5732701421811816,0.4776345716469963,0.5907172995780591,0.5281911548952593,0.04735254443739815,0.2046252536732294,0.09577642019124463,0.1345742494358341
Assemble: VisualArousalBLR8,0.5859715639745705,0.48104624715876054,0.6089251439422471,0.537484116896204,0.05496709711684627,0.1596066329244933,0.1075053551083907,0.11166920330366287
Assemble: VisualArousalBLR12,0.5994312796163023,0.5200909780004552,0.61829652996436,0.5649577928667691,0.040750500903455104,0.1687648877362834,0.08933690008615273,0.1069044807445943
Assemble: VisualArousalRF4,0.5692890995231197,0.6467020470008582,0.560078791862113,0.6002814919074531,0.0798180745673452,0.20560953522475306,0.1217673206871952,0.09422179910479157
Assemble: VisualArousalRF8,0.6113744075784101,0.7134192570118021,0.5925692695163962,0.6474028207739938,0.04743783849148762,0.14208239360289465,0.0890152813056987,0.06276018811107237
Assemble: VisualArousalRF12,0.6301421800966044,0.7047005306988718,0.6133289343542506,0.6558475921704737,0.035637107475820426,0.12601558403394889,0.0792513358921648,0.050480812425650404
Assemble: VisualValenceBLR4,0.4942180094768649,0.41470811220880344,0.4932371505930289,0.4505766062647087,0.06033213686379382,0.2633847523894476,0.18809405461512427,0.21209625350407332
Assemble: VisualValenceBLR8,0.4919431279573307,0.424184988617984,0.49078947367751036,0.45506303374505946,0.04084263684306017,0.2832603327742292,0.18015305329975365,0.2092511011519672
Assemble: VisualValenceBLR12,0.5008530805601912,0.4552691432769343,0.5010429703692246,0.47706057595612367,0.05509135708499712,0.243993336488135,0.18922889200207674,0.17065159942967648
Assemble: VisualValenceRF4,0.5099526066379335,0.41205458681733154,0.5124941065556932,0.45681865938870847,0.10520226980416696,0.29417065150052474,0.13648413666059153,0.18033813099437712
Assemble: VisualValenceRF8,0.5090047393317706,0.3529188779240065,0.5132304299810703,0.418238993698359,0.06689500109803767,0.18385168235316093,0.19960331074343973,0.16655487242365374
Assemble: VisualValenceRF12,0.5023696682483053,0.3294162244176068,0.5037681159564562,0.39834975934819655,0.07373504817234751,0.22180605081071444,0.18181576531939989,0.20403683466932535
Assemble: PhysArousalBLR4,0.6030331753490105,0.6042456406353458,0.6028744326694184,0.6035592578519432,0.0555375186369583,0.21652284705779018,0.06273448005147657,0.11518783115330959
Assemble: PhysArousalBLR8,0.5945023696617905,0.5765731614881598,0.5981124655824127,0.5871453387342956,0.08105709184402539,0.20761829274505597,0.06635837029214273,0.12816840188028228
Assemble: PhysArousalBLR12,0.60265402843337,0.6152388172767825,0.6002218934889086,0.6076375889124639,0.05735957476497099,0.17977524307601156,0.05465588876333708,0.0935982466109446
Assemble: PhysArousalRF4,0.5823696682589239,0.5212282031937878,0.5939524838150666,0.555219059167506,0.07225498704796894,0.21073783870253607,0.06013664480448907,0.1445818576773879
Assemble: PhysArousalRF8,0.6079620853205838,0.5379075056995372,0.6256613756746032,0.5784753363362789,0.07221141305840117,0.2089152759073719,0.056095760315189896,0.146880826349319
Assemble: PhysArousalRF12,0.6049289099510153,0.5375284306281265,0.6213847502257426,0.5764227642298433,0.06694335192996281,0.21376015147888217,0.05375614564360519,0.1438091026579377
Assemble: PhysValenceBLR4,0.5787677725163409,0.6023502653494359,0.5753077480210886,0.5885185185235247,0.08896620707091023,0.17702791337238352,0.12449963897764281,0.11170672807729239
Assemble: PhysValenceBLR8,0.5854028436011098,0.6406368461055368,0.576988733353073,0.6071492725014754,0.07437131033278467,0.13138139458504558,0.12960820164620057,0.10539921654318804
Assemble: PhysValenceBLR12,0.5601895734550904,0.6281273692176956,0.5530707610095025,0.5882144124920128,0.07648376711836143,0.22436710253446895,0.12191707399214856,0.12366071681076878
Assemble: PhysValenceRF4,0.5886255924181775,0.6122062168180903,0.5847212165122294,0.5981481481433024,0.08807642943232087,0.1834349827484473,0.12219843706184516,0.1271095555051237
Assemble: PhysValenceRF8,0.5715639810437375,0.5174374526289516,0.5803571428550929,0.5470941883832956,0.08153711640973134,0.18544906343122244,0.14576471308758956,0.12292807052898311
Assemble: PhysValenceRF12,0.5844549763120085,0.5314632297290806,0.5945716709160306,0.5612489992084894,0.082133607801967,0.18632728003337698,0.13732524280224062,0.13440972761380635
Assemble: AllArousalBLR4,0.6688151658780451,0.6387414708060604,0.6797095603094749,0.6585890170007679,0.06059834136529216,0.14504599997053413,0.06776410618501574,0.0868622065391505
Assemble: AllArousalBLR8,0.6794312796183497,0.6599696739827898,0.6867850098624091,0.6731103808171501,0.05393382637826884,0.14520127624728985,0.0572965109743518,0.07894868404259578
Assemble: AllArousalBLR12,0.6801895734496307,0.6319181197825319,0.6995383969643345,0.6640111531474526,0.055247686259404606,0.19103168759301942,0.05923807199879225,0.11755914563549655
Assemble: AllArousalRF4,0.6619905213282692,0.6345716451881522,0.6714801444043321,0.6525043851113866,0.0572095199611873,0.12943716464813007,0.08833375106389582,0.06771011239797038
Assemble: AllArousalRF8,0.6741232227481976,0.6322971948356039,0.6901117087316945,0.6599406528149548,0.0693643820552767,0.16605294583566366,0.07069561797033912,0.11005963871066864
Assemble: AllArousalRF12,0.6784834123292484,0.6141015921175667,0.7049608355183414,0.6564019448999707,0.08168353035594975,0.17039083474232183,0.07611700322429173,0.1265430198349529
Assemble: AllValenceBLR4,0.6096682464580278,0.6338134950820083,0.6047016274980449,0.6189154173715653,0.06758183357211284,0.15402511683657136,0.16432533315327957,0.13947892237923576
Assemble: AllValenceBLR8,0.6104265402722472,0.6087945413063259,0.6108786610749748,0.6098348205681026,0.0855587683979003,0.20275787263709433,0.18369057362178004,0.1770715481345141
Assemble: AllValenceBLR12,0.6018957345918194,0.5682335102329573,0.609349593497333,0.5880737544130383,0.09524463887301247,0.21606102673945,0.18687394749236158,0.18403641393294812
Assemble: AllValenceRF4,0.5829383886153231,0.621683093247239,0.5770584095596267,0.59854014597701,0.11004338465618792,0.20022526900576348,0.13009289399968574,0.11955722254352612
Assemble: AllValenceRF8,0.5893838862564644,0.49317664897670427,0.6107981220759042,0.5457214765142556,0.09206439937610025,0.22933870453279617,0.12314461541456652,0.20962566063853094
Assemble: AllValenceRF12,0.5871090047385538,0.4499620924998103,0.6201671891282106,0.5215289982446331,0.08642809160193402,0.17843570381498905,0.15462266190423118,0.1754159019798578
Co-Training: AudioArousalBLR4,0.5755450236920864,0.28392721758257744,0.6815286624083853,0.40085630183784243,0.0800935055959395,0.25113466208271973,0.10827439266733299,0.24287154396788782
Co-Training: AudioArousalBLR8,0.6214218009452538,0.47043214557039587,0.674090168377532,0.5541415494537565,0.06703538522527595,0.1936467100411876,0.06781734249309161,0.14686884168378903
Co-Training: AudioArousalBLR12,0.6324170616011988,0.4958301743650334,0.6823161189201877,0.574313940712567,0.0475561421077441,0.20519225527564647,0.0784500218237554,0.13533289710763743
Co-Training: AudioArousalRF4,0.6028436018911901,0.42987111448229665,0.6573913043363933,0.5198258079279403,0.0498522017992312,0.17476816275754195,0.07769543926657595,0.13261291599310773
Co-Training: AudioArousalRF8,0.6132701421907361,0.4397270659645175,0.6736353077991922,0.5321100917525882,0.07000103712205959,0.19158555133694677,0.07074184445063064,0.16152471156759232
Co-Training: AudioArousalRF12,0.6316587677699178,0.5761940864350878,0.648187633255468,0.6100742524586991,0.034875174386233984,0.13819047012355637,0.08098514864922292,0.06720803432103634
Co-Training: AudioArousalNN4,0.5967772511897569,0.35140257771171873,0.69024571855086,0.465712132633502,0.06311841316899258,0.184942594900637,0.07534885251936829,0.16503287050300858
Co-Training: AudioArousalNN8,0.63696682464007,0.4636087945468673,0.709808473577777,0.5608805319875176,0.06896404334692847,0.17220650136433485,0.05088236954873152,0.1531690157031587
Co-Training: AudioArousalNN12,0.6494786729927005,0.5587566338231946,0.6827234831001263,0.6145507609005628,0.06289648940728348,0.13357445823090958,0.059294109381616535,0.0981240584152818
Co-Training: AudioValenceBLR4,0.5400947867384648,0.313115996976168,0.573611111125,0.40510053949093944,0.07375643360195462,0.1650522475131468,0.13920629866209516,0.18156765213697376
Co-Training: AudioValenceBLR8,0.5480568720351622,0.4397270659645175,0.561471442394744,0.49319727891267096,0.05426017354604973,0.231991525612801,0.18435998321376068,0.20987731644999233
Co-Training: AudioValenceBLR12,0.5546919431271179,0.48749052312921715,0.5632939115169081,0.5226579963441469,0.03847706271457078,0.2557356197552625,0.16401624689422376,0.21209206476482886
Co-Training: AudioValenceRF4,0.513744075828462,0.3169067475410042,0.5228267667256506,0.39461883408357507,0.06402610138214354,0.14499804501331648,0.13352053500996094,0.13314195930030465
Co-Training: AudioValenceRF8,0.539336492890122,0.3987869598233464,0.5548523206716005,0.4640494045017024,0.04118157267559458,0.169930971213217,0.15945160168695025,0.14360309483597564
Co-Training: AudioValenceRF12,0.5397156398057624,0.396133434417726,0.5558510638215115,0.4625940681673307,0.07907676535842821,0.19401406110723263,0.09490390784046182,0.1415472018460624
Co-Training: AudioValenceNN4,0.5122274881571605,0.17930250190510078,0.5368898978826687,0.2688263711440198,0.0876563993188525,0.10329235161031662,0.15073484236162452,0.11717157787990501
Co-Training: AudioValenceNN8,0.5577251184863653,0.4738438210821601,0.5694760820065172,0.517277053594041,0.08955713863870249,0.20994337947858016,0.1252898612888063,0.1591321206677127
Co-Training: AudioValenceNN12,0.539336492890122,0.4878695981822891,0.543956043953745,0.5143884892086331,0.07202260162676447,0.23088207939523103,0.13298579239518463,0.19516127623839083
Co-Training: VisualArousalBLR4,0.5469194312882406,0.27862016680545343,0.6014729951047222,0.3808290155585988,0.06934790645975275,0.19275599986692352,0.1761508315993157,0.19775907065884668
Co-Training: VisualArousalBLR8,0.5514691943100501,0.3893100833941975,0.5763187429797979,0.46470588234946764,0.07022251266779073,0.2796633446723298,0.09854295176049967,0.22377690229691144
Co-Training: VisualArousalBLR12,0.5611374407516795,0.4624715693718735,0.5762871988661595,0.5131440588860207,0.06130455591298127,0.2535584498121452,0.1039691159542674,0.175483628826753
Co-Training: VisualArousalRF4,0.5954502369679534,0.5435936315297331,0.6065989847742792,0.573370651735333,0.031582612978100374,0.1760652687170391,0.06751673140380049,0.10205227745036727
Co-Training: VisualArousalRF8,0.5903317535556215,0.6197877179818794,0.5853920515556307,0.6020990609519233,0.06595364381100755,0.14595238654294718,0.08212553092002826,0.07241334047371713
Co-Training: VisualArousalRF12,0.6005687203802854,0.5216072782468597,0.6195407474099996,0.5663716814188796,0.046033912812963644,0.1814217069267114,0.09219644338793133,0.09990758757012458
Co-Training: VisualArousalNN4,0.5330805687138067,0.18574677784755778,0.6086956521544693,0.2846354922841219,0.051707849056268095,0.16186358358491176,0.12217083407067668,0.1699520865860225
Co-Training: VisualArousalNN8,0.5541232227442029,0.31918119788266325,0.6022889842659962,0.41724479683389143,0.04936188759673048,0.1524764897254593,0.09123494902526617,0.12978880698702314
Co-Training: VisualArousalNN12,0.5740284360295241,0.3578468536821753,0.6305945223974067,0.4565900846525425,0.04079551006173492,0.13849342098240716,0.09223975095802672,0.12265934268418838
Co-Training: VisualValenceBLR4,0.5186729857829737,0.13343442001187808,0.5818181818208865,0.2170829478835993,0.0809300647946525,0.07209587973462542,0.24108001057153078,0.10153710669223127
Co-Training: VisualValenceBLR8,0.5090047393317706,0.19749810462925513,0.5241448691989867,0.2868942731301003,0.060868276420663,0.13191494012967303,0.2101884935267282,0.14426104384813723
Co-Training: VisualValenceBLR12,0.5207582938360583,0.35557240332962686,0.5311438278542598,0.42597638509826957,0.04133168849333357,0.24552192148154428,0.2258582095499427,0.21529495505172985
Co-Training: VisualValenceRF4,0.5381990521432003,0.3984078847702745,0.5531578947502798,0.46319964743262754,0.03371888244107248,0.20572901246964512,0.12652025241573572,0.14153770899728152
Co-Training: VisualValenceRF8,0.5146919431258434,0.4181197877204513,0.5183270676757912,0.46286193873685016,0.051943697530001394,0.22063007789849964,0.1455970970524284,0.11624349365676377
Co-Training: VisualValenceRF12,0.4955450237071005,0.35026535255250285,0.49385355426245936,0.4098469727345309,0.056117554325336966,0.1643366430110696,0.15013303577395942,0.1317270307278252
Co-Training: VisualValenceNN4,0.5107109004692146,0.1508718726237713,0.5385656292089116,0.2357121705551419,0.07475573315230845,0.10875806159199097,0.2346397089773671,0.1387397411737129
Co-Training: VisualValenceNN8,0.49080568721040907,0.24450341168781084,0.4820627802806713,0.3244466800939414,0.047408809082281594,0.1755121471934136,0.2171829446753119,0.17751582870232233
Co-Training: VisualValenceNN12,0.4873933649184595,0.2600454890002276,0.4770514603410702,0.33660451421899756,0.04666469928831501,0.18244311159831164,0.18870293006015543,0.18499227617369288
Co-Training: PhysArousalBLR4,0.563222748814338,0.23123578469382577,0.6884875846338325,0.3461975028451056,0.06273108938776892,0.17273785888077264,0.16598941313014856,0.1889427873388696
Co-Training: PhysArousalBLR8,0.598293838852319,0.3836239575298848,0.672425249151793,0.48853487809187934,0.06083597610694188,0.1381959712442134,0.04721994113135036,0.10891777735702585
Co-Training: PhysArousalBLR12,0.6238862559310406,0.5037907505818946,0.6631736526996531,0.5725980181061068,0.05667797928695856,0.17964436960554603,0.06319188589748248,0.14303785835431646
Co-Training: PhysArousalRF4,0.5653080568844839,0.5075815011467307,0.573939134175516,0.5387246027069326,0.06147049486633404,0.12726290312437008,0.06906512785035818,0.08863751599650739
Co-Training: PhysArousalRF8,0.5636018957299783,0.45716451857641077,0.5809248554829346,0.5116673737780583,0.06274526033172846,0.2045197463986811,0.10748256715376327,0.14561398164089298
Co-Training: PhysArousalRF12,0.567014218021928,0.5037907505818946,0.5768229166796875,0.5378389316198662,0.06312420065790991,0.16613455181276812,0.07397193663019064,0.116560636187191
Co-Training: PhysArousalNN4,0.546919431271179,0.2975739196296345,0.5937972768336324,0.39646464645454543,0.07895184009588664,0.15666148546135122,0.10272243866181618,0.15309727997780398
Co-Training: PhysArousalNN8,0.5374407582948577,0.37566338134714045,0.555493273543223,0.44821347806274225,0.05674538782288297,0.13928492007281582,0.08101396767154159,0.1061821891412385
Co-Training: PhysArousalNN12,0.5607582938456127,0.48483699772359673,0.5717478766287829,0.5247179487203042,0.0687049471840786,0.2204866657835602,0.061281933102130544,0.1451619752113249
Co-Training: PhysValenceBLR4,0.5457819905242575,0.2858225928820539,0.5955766192749864,0.38627049181154577,0.05869582879106352,0.24629756721380155,0.1664869342367826,0.2007674410627314
Co-Training: PhysValenceBLR8,0.5884360189603571,0.4025777103881826,0.6409173204625281,0.4945285215389733,0.05069725314742685,0.17724456233261793,0.1488048021151894,0.13731653880678077
Co-Training: PhysValenceBLR12,0.570236966821934,0.4958301743650334,0.5826280623578196,0.5357362277220533,0.060773796208074285,0.24976991196669182,0.1471518021090917,0.14034069869863697
Co-Training: PhysValenceRF4,0.544454976302454,0.36050037908779564,0.5704859028134769,0.44181184669767504,0.06820992619953235,0.14047150047443085,0.14002575295963632,0.10440311407342275
Co-Training: PhysValenceRF8,0.5647393364939616,0.4681576952178474,0.5803571428586534,0.5182543012979254,0.05174156857843113,0.1488099710980676,0.1340329087672432,0.08410661211440962
Co-Training: PhysValenceRF12,0.5675829383953889,0.47990902199954477,0.582068965523006,0.5260752129751669,0.06919040989811902,0.18096508478814757,0.12347222098502543,0.11266972653690417
Co-Training: PhysValenceNN4,0.5181042654006732,0.2918877937894803,0.5332409972391537,0.37726604606343844,0.0482006538943972,0.1217763884214612,0.18628123038601604,0.14022790450799902
Co-Training: PhysValenceNN8,0.5615165876768939,0.48104624715876054,0.5734297333909921,0.5231910946196661,0.07342384666182422,0.15861457914665456,0.11744185790681502,0.13185213336849144
Co-Training: PhysValenceNN12,0.5569668246380226,0.4783927217531402,0.5677013045344129,0.5192347253579905,0.05893499228983789,0.13928862649504728,0.0907865051995999,0.08243897204367243
Co-Training: AllArousalBLR4,0.6041706161197472,0.35670962851078974,0.7064564564864865,0.47405541562772696,0.06961850968634807,0.22935501193448224,0.059837981818461,0.20922993968115375
Co-Training: AllArousalBLR8,0.6365876777244296,0.4393479909114456,0.7257357545295637,0.5473435655296591,0.07258445827100193,0.21122571207823843,0.0961400940440535,0.16205007194305904
Co-Training: AllArousalBLR12,0.6638862559235335,0.5470053070414973,0.7140029688301336,0.6194462330923303,0.0654272089422828,0.17611507194732576,0.050148170264134435,0.11355396782925915
Co-Training: AllArousalRF4,0.5933649289148688,0.5090978013590185,0.6124031007828291,0.5559925481264582,0.06889827023865659,0.1941838838199004,0.08493338488186761,0.10952689831294755
Co-Training: AllArousalRF8,0.6089099526096851,0.5792266868937802,0.6158806932694573,0.5969915999273413,0.06831031877450097,0.14743651784963632,0.0728589285077864,0.09991268597543168
Co-Training: AllArousalRF12,0.5891943127986472,0.551175132674718,0.5966352072335114,0.5730049261128471,0.07480222143688935,0.1336645315291093,0.07651473222308167,0.08786136877684093
Co-Training: AllArousalNN4,0.5594312796142645,0.2714177407195931,0.6404293380994365,0.3812566560231128,0.052933915922190454,0.1576102118898672,0.07293010734824938,0.15494940476272734
Co-Training: AllArousalNN8,0.5732701421811816,0.32486732372374855,0.6458176337647571,0.4322824716220969,0.06060809709094023,0.1369752541150364,0.1006550889646117,0.1344479002008445
Co-Training: AllArousalNN12,0.5603791469299723,0.3612585291939395,0.6005040957958507,0.4511242603640343,0.08122657316555996,0.23031065347892687,0.135527792062779,0.20563174360846473
Co-Training: AllValenceBLR4,0.5480568720351622,0.3214556482119843,0.5880721220469913,0.4156862745030565,0.06625374217636974,0.22119674152611993,0.21494575490121504,0.21006643512051923
Co-Training: AllValenceBLR8,0.587298578196374,0.4473085670941899,0.621379673507109,0.5201675115682614,0.0695969482836389,0.24356959192874889,0.19717138094046535,0.22052022617191536
Co-Training: AllValenceBLR12,0.5937440758305095,0.5087187263059466,0.6130653266341989,0.5560389475858051,0.06837061119346396,0.25450197349424536,0.2090183530846609,0.22885576047695486
Co-Training: AllValenceRF4,0.4989573459649269,0.2831690674764335,0.4983322214676896,0.3611312545296509,0.054800286597459925,0.2043855271975163,0.1488695451860184,0.13574389874896386
Co-Training: AllValenceRF8,0.544454976302454,0.460576194088175,0.5535307517059065,0.5027932960893855,0.07042395094393222,0.13798011237846225,0.14295299304661183,0.11644764466957969
Co-Training: AllValenceRF12,0.5736492891138837,0.5174374526289516,0.58308415208707,0.5483028720769162,0.08521628370017495,0.14104385868184569,0.14343806188902292,0.1310774745910761
Co-Training: AllValenceNN4,0.5321327014247055,0.22934040939434927,0.5817307692395063,0.3289831430069981,0.07010830527850938,0.11939218036582695,0.19241209050575445,0.1462403529550338
Co-Training: AllValenceNN8,0.539336492890122,0.2911296436591779,0.5783132530112317,0.38729198183641894,0.049707140456825685,0.1465742289837693,0.18955002757864042,0.17287983351380845
Co-Training: AllValenceNN12,0.5871090047455984,0.5477634571630701,0.5946502057777777,0.5702446724614009,0.07442367334070542,0.25328575506997747,0.17181475946384542,0.2315365708905127
SemiBoost: AudioArousalBLR4,0.4750710900577726,0.19711902957618319,0.44406490181421066,0.27303754267405117,0.044323116157934564,0.4155586057084575,0.3330082004583552,0.2551625421791808
SemiBoost: AudioArousalBLR8,0.5463507108977183,0.567475360112083,0.5445616587820234,0.5557824391995153,0.07897232730767534,0.42148277484093466,0.2323915287739733,0.2808007474406194
SemiBoost: AudioArousalBLR12,0.6754502369529393,0.7247915087063108,0.6597653554037267,0.6907514450735021,0.03581980702466562,0.10893128715576146,0.05412699759735204,0.05830674126322334
SemiBoost: AudioArousalRF4,0.5184834123251535,0.5193328278943112,0.5185465556419103,0.518939393937715,0.03751954096869941,0.37213225368559966,0.10472762365540213,0.2477480822390442
SemiBoost: AudioArousalRF8,0.5304265402872614,0.5981804397179613,0.526878130219326,0.5602698384492849,0.05377750078116001,0.23046005901982475,0.12224354623331236,0.09265329166290928
SemiBoost: AudioArousalRF12,0.5467298578133587,0.45754359362948266,0.5569912321083803,0.5023933402653435,0.03127974963969684,0.14620372920759978,0.06994295698545153,0.08930607344451358
SemiBoost: AudioArousalNN4,0.572890995265541,0.6717210007644872,0.5609370053846154,0.6113506986417309,0.10724931699327338,0.2990307214484079,0.22599302719502234,0.2073106970297627
SemiBoost: AudioArousalNN8,0.6117535545111124,0.6269901440584799,0.6085356880132451,0.6176250933618701,0.08195682879417548,0.21552249558122696,0.1033770315147507,0.07155517034859622
SemiBoost: AudioArousalNN12,0.6521327014192458,0.6906747535886681,0.64132347764818,0.6650848694956298,0.04931657335273199,0.18393501670438414,0.06192324669461429,0.06275528890096616
SemiBoost: AudioValenceBLR4,0.44492890995724155,0.5007581501232022,0.4505457025958353,0.47432675045516276,0.09220882104648681,0.4969039949999533,0.2385525070647093,0.3154369090855855
SemiBoost: AudioValenceBLR8,0.49421800948529704,0.8248673237408068,0.49657690552602335,0.6199430199487179,0.10165863882900328,0.32720785340717434,0.18985311154132414,0.2252015045510437
SemiBoost: AudioValenceBLR12,0.5383886256010206,0.7880970432175439,0.5256637168194758,0.6306688912530765,0.06524642680304736,0.2104830113519559,0.09855700487682835,0.12433228213335451
SemiBoost: AudioValenceRF4,0.49857819904928635,0.4162244124352396,0.49841125737178016,0.4536252840312877,0.09665042412976775,0.3922918969565355,0.16499029501030413,0.24795058797194322
SemiBoost: AudioValenceRF8,0.474502369676216,0.575056861256253,0.47885101011363634,0.5225628660072674,0.06034220815349182,0.3478773237784171,0.12053215644232405,0.19191616306741388
SemiBoost: AudioValenceRF12,0.507677725118367,0.43176648976704274,0.5091640590163761,0.46728205128695927,0.058534165944899054,0.24244878460461247,0.12061302279458574,0.1604288896606353
SemiBoost: AudioValenceNN4,0.4805687203857451,0.6921910538350727,0.4864144912133362,0.5713391739723759,0.10778230390995086,0.34935108557885464,0.1862925493397563,0.2154789101184667
SemiBoost: AudioValenceNN8,0.5328909952730482,0.6508718726408297,0.5266871165737833,0.582231264845281,0.07448493407269177,0.27816354647008956,0.1018422370071259,0.13225390009931945
SemiBoost: AudioValenceNN12,0.5040758293943205,0.6034874905292019,0.5034788108871298,0.5489655172486134,0.07152225693525113,0.35891472317226997,0.11722638260178961,0.21215033200070646
SemiBoost: VisualArousalBLR4,0.47601895734687394,0.20090978014101937,0.44688026981539825,0.2771966527241705,0.04426734160654794,0.4137913472875585,0.3577323784595118,0.2520450139557836
SemiBoost: VisualArousalBLR8,0.47999999999522264,0.5083396512528746,0.4811625403608055,0.49437788018250917,0.03820654651137851,0.4574368140765703,0.24355916792426788,0.28840223853200775
SemiBoost: VisualArousalBLR12,0.5296682464389187,0.4711902956765397,0.5337054529752365,0.5005033219196687,0.05125040706639847,0.32741627070571616,0.1326398944929144,0.1932309578025675
SemiBoost: VisualArousalRF4,0.5126066350644788,0.6322971948356039,0.510247782190335,0.5647536820648286,0.045612082748387156,0.4313499064119239,0.13294998778894843,0.2676684394012771
SemiBoost: VisualArousalRF8,0.4807582938353629,0.7490523123502941,0.4875400937603621,0.5906441488562711,0.03640170411600838,0.32609286685108235,0.07298247233835849,0.1639322939624022
SemiBoost: VisualArousalRF12,0.599241706158482,0.6781652767349438,0.5857891290061732,0.6286015460310208,0.03027837873129635,0.12509404684692943,0.07878929687154389,0.032282035789668206
SemiBoost: VisualArousalNN4,0.5084360189583098,0.5917361637475047,0.5073123171922603,0.5462817147802563,0.03981460005621756,0.37550939339005474,0.17602757681732933,0.24682597943724927
SemiBoost: VisualArousalNN8,0.5728909952655409,0.47156937072961164,0.5915359011010424,0.5247838008852004,0.050266125462251364,0.18465727544557414,0.06281644848680334,0.13877623871249753
SemiBoost: VisualArousalNN12,0.5795260663404351,0.4681576952178474,0.6024390243746103,0.5268771330961456,0.04774558658752239,0.192647771918198,0.06428923170136155,0.15728537169751602
SemiBoost: VisualValenceBLR4,0.49061611375258884,0.43896891585837367,0.48964059197471765,0.4629222466630763,0.09382726071657797,0.4418394861613762,0.27400027893795503,0.3184630034835773
SemiBoost: VisualValenceBLR8,0.463127962078603,0.38589840788243324,0.45650224214388785,0.41824157764499126,0.07310354978811205,0.38367592096837394,0.2318758822617026,0.26199317010627404
SemiBoost: VisualValenceBLR12,0.4625592417051423,0.36277482940622735,0.45333964945176075,0.4030322173013649,0.06457826068615607,0.29016479416406743,0.22843082742626208,0.20709464340438768
SemiBoost: VisualValenceRF4,0.46123222748333886,0.6823351023528519,0.47318611987008524,0.5588326606626549,0.09939123072071612,0.4128274800471827,0.20067383711362474,0.2703951128857824
SemiBoost: VisualValenceRF8,0.44834123223212957,0.3877937831819097,0.44132873167055514,0.41283292979168984,0.08328039579083704,0.4273159570836492,0.1554608456341413,0.22895628850211389
SemiBoost: VisualValenceRF12,0.5300473933716209,0.631159969676388,0.5250709555394993,0.5732484076472594,0.05795178645792953,0.21583227375982245,0.10912882402599168,0.09348563176498888
SemiBoost: VisualValenceNN4,0.447962085316489,0.16603487491723287,0.38086956523685445,0.23125659980403573,0.06525074077234298,0.24860799516922671,0.19750116110382923,0.16899625801322185
SemiBoost: VisualValenceNN8,0.5078672985677875,0.5708870356238472,0.507070707060606,0.5370898716022416,0.06310787425442242,0.2984600769053573,0.18919331427219716,0.20461924001155174
SemiBoost: VisualValenceNN12,0.5294786729810984,0.7103866565531098,0.5217149220448822,0.6016051364321079,0.08190027891669813,0.3603815768055708,0.1660544569899234,0.23769040846092804
SemiBoost: PhysArousalBLR4,0.4752606634985313,0.5333586049944402,0.477921195643607,0.5041203869491369,0.041046640545051735,0.4880085946489843,0.2833405068385855,0.3075740486651144
SemiBoost: PhysArousalBLR8,0.5304265402782116,0.4590598938602256,0.5356037151713877,0.4943866095133378,0.05147648622147575,0.37122578063149564,0.17936725104942852,0.22571268767128413
SemiBoost: PhysArousalBLR12,0.6041706161129937,0.5966641395056734,0.6058506543463528,0.6012223071061832,0.062213845306048364,0.19376323228209785,0.06376365316551014,0.1160076476927841
SemiBoost: PhysArousalRF4,0.5088151658739504,0.5644427596533906,0.5080177413819451,0.5347459148783321,0.048713474718712714,0.4878638179393995,0.2994544961931239,0.32405152855998715
SemiBoost: PhysArousalRF8,0.5002843601867304,0.6520090978000455,0.5002908667801047,0.566161948648068,0.03944713478129489,0.3658914731805384,0.05748296391811197,0.19556877193018352
SemiBoost: PhysArousalRF12,0.5871090047385538,0.5557240333645024,0.5930420711942592,0.5737769080251516,0.050850534558320275,0.18880205743228795,0.047748584266243746,0.10760025649588689
SemiBoost: PhysArousalNN4,0.5372511848370374,0.55724033357679,0.5359095880450286,0.546366846308067,0.036855844067695764,0.21030804389301982,0.052912164771169605,0.11099277467707268
SemiBoost: PhysArousalNN8,0.5552606635005787,0.6463229719357328,0.5468248877427432,0.5924252953352365,0.06270220384799573,0.215294596785517,0.0466786099241604,0.1194653268150424
SemiBoost: PhysArousalNN12,0.5323222748825257,0.6391205458591324,0.5267104029995635,0.5774961465970928,0.08440565790315117,0.26220648919010686,0.08663342478596679,0.09518016811204173
SemiBoost: PhysValenceBLR4,0.4176303317581377,0.35557240332962686,0.40606060606249506,0.3791430881136903,0.06721057996448461,0.4939042693681285,0.3204163714066851,0.28988363600070804
SemiBoost: PhysValenceBLR8,0.4527014217961188,0.48900682334150486,0.4559915164311346,0.4719224437459076,0.08387432058298182,0.40670444876320017,0.17072635258690697,0.22196135245157492
SemiBoost: PhysValenceBLR12,0.5209478672938785,0.6599696739827898,0.5164639572784999,0.5794641371201145,0.08644216214021332,0.26537207760451387,0.13473670211717628,0.144535018332827
SemiBoost: PhysValenceRF4,0.43184834123115046,0.3775587566466169,0.42364951084659486,0.39927841251474105,0.07966880006520163,0.4933916194590395,0.29542442433131255,0.2925338719770233
SemiBoost: PhysValenceRF8,0.5019905213326712,0.5614101592096615,0.5018637750033824,0.5299695831154594,0.09753129842803838,0.32158752658528705,0.12831067397438087,0.1663796826923199
SemiBoost: PhysValenceRF12,0.555829383891101,0.6182714177354748,0.5497135153397312,0.5819803746656089,0.062028262943790144,0.20237930709999158,0.10966954770187098,0.11264623713893077
SemiBoost: PhysValenceNN4,0.5662559241735853,0.60310841547613,0.5617937853118453,0.5817184643561911,0.03871407306028307,0.30818930346911577,0.11123498892337143,0.20758372835108063
SemiBoost: PhysValenceNN8,0.5546919431271179,0.6042456406353458,0.5498447740584679,0.5757630485807324,0.06182841110614197,0.1871755990686156,0.14041107213650852,0.1454629596639325
SemiBoost: PhysValenceNN12,0.5311848341356041,0.4526156179054307,0.5371120108097166,0.49125694302919415,0.04820169785487107,0.20210028649907327,0.14147787914347024,0.1586574573555728
SemiBoost: AllArousalBLR4,0.5196208530720751,0.5462471569353534,0.518718502510597,0.5321270310135445,0.05259502345508413,0.477302008680952,0.33637938848350424,0.32741034282664266
SemiBoost: AllArousalBLR8,0.5800947867309575,0.5913570886944328,0.5784204671875066,0.584817244607486,0.08096655086815907,0.37519802027798876,0.13532445321841635,0.21851870465228074
SemiBoost: AllArousalBLR12,0.6714691943045906,0.6357088703473681,0.6847692935797663,0.6593276980446602,0.07624459946907286,0.24657979113934822,0.059507732528028365,0.1725088580282277
SemiBoost: AllArousalRF4,0.4545971563913831,0.44806671720033375,0.45409143295393073,0.45105895820521497,0.02952190965203927,0.4531397560535724,0.19581028341679477,0.25406723603604703
SemiBoost: AllArousalRF8,0.5579146919441856,0.6406368461055368,0.5497722836688383,0.5917366946817662,0.06613210488506877,0.27376417055464924,0.13685684935886894,0.14841054200012985
SemiBoost: AllArousalRF12,0.6483412322287172,0.6622441243353382,0.644411656216484,0.6532062067675445,0.05749768088329796,0.12391962333785124,0.05974803841365598,0.0712802018988396
SemiBoost: AllArousalNN4,0.5399052132806443,0.49393479909967375,0.544050104394756,0.5177826346215688,0.041585935187067,0.3161085177178461,0.11809196073573469,0.1921913899036362
SemiBoost: AllArousalNN8,0.590710900471262,0.4916603487471253,0.6132387706808511,0.5457605722670855,0.057603944632543605,0.28853709901452895,0.062329742029911456,0.18201942081142644
SemiBoost: AllArousalNN12,0.5910900474039641,0.6197877179818794,0.5862316242467328,0.6025428413598674,0.08904708705453698,0.24472640562512946,0.07816064891750912,0.12289614550386248
SemiBoost: AllValenceBLR4,0.4390521327136286,0.49696739955836605,0.4454638124464832,0.46980827809795705,0.08448255117228294,0.4864797907422236,0.20276438531837196,0.29287762175804744
SemiBoost: AllValenceBLR8,0.5124170616066586,0.672479150870631,0.5094773118853835,0.5797385620882354,0.10603487704298839,0.34950194569159365,0.13117483167915614,0.2271242738573792
SemiBoost: AllValenceBLR12,0.5780094786608114,0.6630022744414822,0.5667530784071071,0.6111111111006289,0.10247543945089627,0.2181942193512388,0.1477339726185741,0.11704489005326058
SemiBoost: AllValenceRF4,0.4748815165999524,0.6334344200289365,0.48100172712435235,0.5467931937279888,0.09091884618758889,0.4112739466196618,0.1544963815086748,0.2505752185861814
SemiBoost: AllValenceRF8,0.4646445497582267,0.4708112206234678,0.465168539320616,0.4679728711361418,0.04417744436304215,0.3220301982530444,0.15209086294748392,0.16767190447593777
SemiBoost: AllValenceRF12,0.5539336492958369,0.6542835481525939,0.5449952636610516,0.5946597760620156,0.04883379101007083,0.2289524287615421,0.12842137957471464,0.13714297474794188
SemiBoost: AllValenceNN4,0.5505213270209489,0.5962850644526015,0.5463702674590262,0.5702374478955954,0.05780544379547904,0.27228594898281017,0.15673991731024037,0.19505274621361243
SemiBoost: AllValenceNN8,0.527393364928014,0.6209249431410951,0.5231555413589168,0.5678627145085804,0.11236781259250707,0.30999152418190773,0.14952224434706368,0.18021053506372137
SemiBoost: AllValenceNN12,0.546919431271179,0.4643669446530112,0.5563124432213037,0.5061983471012141,0.046628472589903526,0.23301864163140548,0.1936283649243854,0.19396921808551454
SSGMM: AudioArousal4,0.5000947867289102,1.0,0.5000947867289102,0.6667509162129831,0.0512395786670622,0.0,0.0512395786670622,0.04554661602836681
SSGMM: AudioArousal8,0.5000947867289102,1.0,0.5000947867289102,0.6667509162129831,0.0512395786670622,0.0,0.0512395786670622,0.04554661602836681
SSGMM: AudioArousal12,0.5000947867289102,1.0,0.5000947867289102,0.6667509162129831,0.0512395786670622,0.0,0.0512395786670622,0.04554661602836681
SSGMM: AudioValence4,0.5000947867289102,1.0,0.5000947867289102,0.6667509162129831,0.1074473811853877,0.0,0.1074473811853877,0.10369924226360876
SSGMM: AudioValence8,0.5000947867289102,1.0,0.5000947867289102,0.6667509162129831,0.1074473811853877,0.0,0.1074473811853877,0.10369924226360876
SSGMM: AudioValence12,0.5000947867289102,1.0,0.5000947867289102,0.6667509162129831,0.1074473811853877,0.0,0.1074473811853877,0.10369924226360876
SSGMM: VisualArousal4,0.5000947867289102,1.0,0.5000947867289102,0.6667509162129831,0.0512395786670622,0.0,0.0512395786670622,0.04554661602836681
SSGMM: VisualArousal8,0.5000947867289102,1.0,0.5000947867289102,0.6667509162129831,0.0512395786670622,0.0,0.0512395786670622,0.04554661602836681
SSGMM: VisualArousal12,0.5018009478663541,0.9984836997877122,0.5009509319123114,0.6671732522821644,0.049737554533003756,0.004910463758239914,0.050678966407022186,0.04537209439209888
SSGMM: VisualValence4,0.43146919431550995,0.15996967399984827,0.3502074688850605,0.21962008847775175,0.08735885514787445,0.3386634249302679,0.18689020952474397,0.2094424565923427
SSGMM: VisualValence8,0.460663507109878,0.2573919635946072,0.433865814693105,0.3231025457885032,0.08801322100235202,0.385857494350755,0.3376826682283805,0.24618664765411616
SSGMM: VisualValence12,0.4788625592312395,0.3661865049179916,0.47283406753303964,0.41273232214144995,0.09182064646968847,0.2952082952732323,0.24593992606110623,0.2045965432511501
SSGMM: PhysArousal4,0.5010426540180116,0.9939347990826154,0.5005727376804124,0.6658202132994742,0.04983406578009768,0.01234573367964071,0.05077153642680766,0.04396403643571867
SSGMM: PhysArousal8,0.5012322274928932,0.9965883244882358,0.500666539708632,0.6664976549642951,0.05087745116220214,0.005567908405819594,0.05115662923413847,0.04576376736965449
SSGMM: PhysArousal12,0.4997156398132697,0.9931766489764715,0.4999045983600453,0.6650590176426708,0.050178282441596056,0.009405469415163936,0.050884416402802765,0.044911761691721314
SSGMM: PhysValence4,0.501042654035073,0.9920394238172556,0.5005738332086829,0.6653953724942792,0.10710543376422108,0.02086138899221326,0.10962231930365408,0.1074608616263322
SSGMM: PhysValence8,0.5019905213241744,0.9977255496474516,0.5010470207481559,0.6670890888311617,0.10450418748007553,0.006430947344730628,0.10714634054912926,0.10376743260318688
SSGMM: PhysValence12,0.5016113744085339,0.9977255496474516,0.5008563273073394,0.6669200557430663,0.1062762438251444,0.010190403214374857,0.10821430121040453,0.10545671845632756
SSGMM: AllArousal4,0.5000947867289102,1.0,0.5000947867289102,0.6667509162129831,0.0512395786670622,0.0,0.0512395786670622,0.04554661602836681
SSGMM: AllArousal8,0.5000947867289102,1.0,0.5000947867289102,0.6667509162129831,0.0512395786670622,0.0,0.0512395786670622,0.04554661602836681
SSGMM: AllArousal12,0.5000947867289102,1.0,0.5000947867289102,0.6667509162129831,0.0512395786670622,0.0,0.0512395786670622,0.04554661602836681
SSGMM: AllValence4,0.5000947867289102,1.0,0.5000947867289102,0.6667509162129831,0.1074473811853877,0.0,0.1074473811853877,0.10369924226360876
SSGMM: AllValence8,0.5000947867289102,1.0,0.5000947867289102,0.6667509162129831,0.1074473811853877,0.0,0.1074473811853877,0.10369924226360876
SSGMM: AllValence12,0.5000947867289102,1.0,0.5000947867289102,0.6667509162129831,0.1074473811853877,0.0,0.1074473811853877,0.10369924226360876
Tri-Training: AudioArousalBLR4,0.6610426540221062,0.6485974222882812,0.6652410575337072,0.6568138195726356,0.03801333869949223,0.14188763781808983,0.05868239787191136,0.0799389189373326
Tri-Training: AudioArousalBLR8,0.6606635071064658,0.6611068991761224,0.6606060605986226,0.6608563849956341,0.04177111150526417,0.1366475827039663,0.06506630249847083,0.07527743849280799
Tri-Training: AudioArousalBLR12,0.6585781990533811,0.6834723275120678,0.6511375948028416,0.6669132605856638,0.04224378967883069,0.14981667589346606,0.05592881472848138,0.07963713751753067
Tri-Training: AudioArousalRF4,0.6494786729756389,0.6050037907414898,0.664169787752809,0.6332076968748923,0.06611324976990555,0.13005130734048573,0.07015442883592447,0.09221894622132955
Tri-Training: AudioArousalRF8,0.6089099526096851,0.5329795299413683,0.6285203397458319,0.576820512819407,0.08885002101113508,0.19766978504245253,0.0958381683944317,0.16185251001731304
Tri-Training: AudioArousalRF12,0.5781990521258283,0.4795299469301128,0.5975436939056079,0.5320715036803764,0.046129415955233496,0.1544540499644969,0.07073140825553755,0.10636323775977813
Tri-Training: AudioArousalNN4,0.6238862559310406,0.5382865807526092,0.6495882891187119,0.5887230514179105,0.04763570807631423,0.17307257774741863,0.07112931999636786,0.09823990527477638
Tri-Training: AudioArousalNN8,0.6447393364850087,0.5784685367679009,0.6669580419551192,0.6195696305292457,0.030788500744730732,0.14504268696581388,0.053491570666081026,0.08643423618390648
Tri-Training: AudioArousalNN12,0.6432227488163852,0.580742987106068,0.6637781629144502,0.6194904973697886,0.058572818562658835,0.15065841157448467,0.0591204109579302,0.09347449249918831
Tri-Training: AudioValenceBLR4,0.5679620853110292,0.47346474602908817,0.5839177185612354,0.5229223362004483,0.043466257228392334,0.16679657707152584,0.1294590529734573,0.14102734286952714
Tri-Training: AudioValenceBLR8,0.5565876777394437,0.48673237302307326,0.5658880564282323,0.5233340126493717,0.07290140589295115,0.20694235929785418,0.15205812353431442,0.17192064792353393
Tri-Training: AudioValenceBLR12,0.5531753554474942,0.5075815011467307,0.5586149353301973,0.5318768619688988,0.07743024964953664,0.21377918413754504,0.13583206751921634,0.16199912267451602
Tri-Training: AudioValenceRF4,0.5323222748825257,0.3169067475410042,0.5569620253156967,0.40396230974050745,0.08502951517464218,0.15769786067142,0.08687921456184097,0.13099866356693052
Tri-Training: AudioValenceRF8,0.478672985790481,0.2789992418585254,0.4646464646590909,0.3486499289539286,0.059677060593417,0.14291914732752295,0.13510320924654373,0.10876266658503383
Tri-Training: AudioValenceRF12,0.471658767765823,0.2676269901299,0.45227418320185203,0.33627054058985795,0.051553121132307596,0.11172485080039048,0.12118557074101872,0.0958981253771709
Tri-Training: AudioValenceNN4,0.5275829383858343,0.43100833964151253,0.5343045112741411,0.4771296684775192,0.06119382289181133,0.17590753860319294,0.14614988104062493,0.15795722127180234
Tri-Training: AudioValenceNN8,0.5412322274853862,0.4245640636710559,0.5539070227464067,0.4806866952690232,0.07986492149442379,0.24930677171588958,0.1432580985791531,0.17464458781485445
Tri-Training: AudioValenceNN12,0.5262559241640308,0.4473085670941899,0.5312922107066069,0.48569664539517243,0.07505192327143391,0.2553442591075607,0.1183939685867392,0.19145220021471882
Tri-Training: VisualArousalBLR4,0.5844549762949468,0.5128885519238547,0.5986725663610561,0.5524703960700388,0.04228326688366581,0.1877348878291663,0.12632628222203995,0.10196926278706596
Tri-Training: VisualArousalBLR8,0.5772511848295302,0.5053070507941823,0.5903454384340552,0.5445261437867648,0.055398669346600524,0.2170940602470377,0.07489331954995398,0.1505179874043199
Tri-Training: VisualArousalBLR12,0.5656872038001245,0.49052312358790945,0.5774207942971887,0.5304365648791359,0.057535593497387516,0.22287500091018717,0.10866509383555963,0.11641773300615903
Tri-Training: VisualArousalRF4,0.6098578198987864,0.7452615617768964,0.5865155131215575,0.6564273789570654,0.06321329907360768,0.09060940165160876,0.08689769571070484,0.04266061878484426
Tri-Training: VisualArousalRF8,0.5639810426456189,0.7714177407117945,0.5452840300036553,0.6389324960702074,0.07408694395128186,0.10398397481350138,0.10312109078036566,0.052336463268323793
Tri-Training: VisualArousalRF12,0.5770616113717101,0.7536012130468294,0.5570187727620396,0.640567101659543,0.06262055871561509,0.09456894484192947,0.09012198001514982,0.04915396512451131
Tri-Training: VisualArousalNN4,0.5435071090040795,0.5204700530698871,0.5457074721852828,0.532790065971297,0.04972615225170542,0.2615664641176139,0.07683008417238112,0.1728131115495616
Tri-Training: VisualArousalNN8,0.5457819905242574,0.4886277482884329,0.5517979452087285,0.5182951346986524,0.07081663035145275,0.27603961478841893,0.08685700977303872,0.19021559996072276
Tri-Training: VisualArousalNN12,0.5645497630361412,0.4802880970526167,0.5777473780221922,0.5245290830116973,0.06440377185916385,0.20064687610619414,0.07529633271355564,0.1443139839254361
Tri-Training: VisualValenceBLR4,0.48890995259808323,0.4450341167416415,0.487946799656957,0.4655035685841832,0.07174435030171487,0.2952178973018789,0.21166725950549592,0.2254963751420792
Tri-Training: VisualValenceBLR8,0.4853080568653749,0.4196360879470039,0.48319511129667053,0.44917833231619486,0.06266370030490642,0.278590629116083,0.19635121678961023,0.21486705224657818
Tri-Training: VisualValenceBLR12,0.47469194312507046,0.37831690675276086,0.4687646782485906,0.41871197818490424,0.05135426075437439,0.24863334444004367,0.20586289805581132,0.20881970968917318
Tri-Training: VisualValenceRF4,0.5239810426531261,0.5178165276820236,0.5243761996137356,0.5210757200112831,0.08673895595626548,0.21755085911528796,0.14028523581545913,0.11345561120695902
Tri-Training: VisualValenceRF8,0.5357345971574137,0.42797573918282017,0.5456742387644533,0.47971106861337875,0.05247911964916876,0.17944404510385836,0.18859408011796366,0.15866081174907914
Tri-Training: VisualValenceRF12,0.5323222748825257,0.4601971190351031,0.5378821444391858,0.4960163432104269,0.06454584135210868,0.19177930153508407,0.19914602605995632,0.16584254108579347
Tri-Training: VisualValenceNN4,0.48644549762935824,0.34799090219995443,0.48138437335877615,0.4039603960396039,0.04896675032918078,0.24350901277492448,0.2037898212008403,0.20022914569333167
Tri-Training: VisualValenceNN8,0.4737440758359692,0.4025777103881826,0.4694960212263859,0.4334693877586405,0.06527238207451617,0.29388920708278243,0.19453933210348187,0.20831611889815452
Tri-Training: VisualValenceNN12,0.4860663507137176,0.36884003032361196,0.481921743439553,0.4178655786980276,0.06814952454360197,0.2634642321781618,0.1921440225528883,0.20984830794849402
Tri-Training: PhysArousalBLR4,0.6291943128011926,0.6046247156884178,0.6359649122879417,0.6198989506419341,0.0469287046768582,0.17328014320664445,0.04424403696917045,0.10414957074478241
Tri-Training: PhysArousalBLR8,0.6161137440751017,0.6053828657945617,0.6187524215433214,0.6119946349815978,0.047809226311216806,0.22782541669920148,0.049061235781035384,0.14287502126537022
Tri-Training: PhysArousalBLR12,0.6229383886248776,0.6376042456468446,0.6195211786340384,0.6284326545876016,0.054067168414507955,0.18627774551209111,0.0579467648669002,0.10372594762833641
Tri-Training: PhysArousalRF4,0.5916587677774249,0.5329795299413683,0.603951890041339,0.5662505034232052,0.069379747204484,0.19951712860786003,0.08013916104068938,0.14204128728898852
Tri-Training: PhysArousalRF8,0.5829383886323848,0.5352539802939168,0.5917854149270402,0.562101910834244,0.08000863114506947,0.22891581052256482,0.08806862804796235,0.1627048627932206
Tri-Training: PhysArousalRF12,0.6064454976306132,0.5716451857446052,0.6145069274741503,0.59230164964942,0.07740309709362352,0.20584495968775196,0.06486074462202455,0.1394302709257453
Tri-Training: PhysArousalNN4,0.5711848341280971,0.5344958301877729,0.5769230769259096,0.5548996458172675,0.08459099005032131,0.23625383210800796,0.0812756132552602,0.1753940353415347
Tri-Training: PhysArousalNN8,0.5690995260579509,0.5500379075001897,0.5719353567103984,0.5607729468521738,0.06710469730191135,0.11835907189953272,0.08142527313039351,0.07744028295164196
Tri-Training: PhysArousalNN12,0.5569668246380226,0.5060652009003261,0.5635289151461673,0.5332534451679642,0.049409608858264384,0.21077643893364886,0.06388688975965803,0.12243821807314739
Tri-Training: PhysValenceBLR4,0.5878672985868965,0.6884003032702365,0.5732323232386364,0.6255597657675259,0.07619867923912857,0.22507045952028154,0.11697665049296566,0.14565815039995486
Tri-Training: PhysValenceBLR8,0.5766824644560695,0.645185746776517,0.5675225075029512,0.6038673053039055,0.06585870902218377,0.2389534501858457,0.1332594223707028,0.14824863758997187
Tri-Training: PhysValenceBLR12,0.5459715639820777,0.5993176649112938,0.5416238437812616,0.5690120568708924,0.0819416664005362,0.2461675730658466,0.13257235344118537,0.147936188627309
Tri-Training: PhysValenceRF4,0.5622748815252365,0.5625473843880309,0.5623342175146824,0.5624407807536239,0.085453011525565,0.167714565866453,0.15397911859764865,0.10239090508948452
Tri-Training: PhysValenceRF8,0.5772511848295302,0.5462471569353534,0.5824575586031429,0.5637715179929577,0.07615354164962158,0.1577929666730061,0.1317171461329303,0.11429960660136224
Tri-Training: PhysValenceRF12,0.5725118483499005,0.5826383624055445,0.5711631363879599,0.5768436855030528,0.07116627438087048,0.1385595741620912,0.12583049157213153,0.08863242321618015
Tri-Training: PhysValenceNN4,0.5520379147005726,0.5344958301877729,0.5540275049190253,0.5440864364373064,0.06297129506963564,0.16664345763774266,0.14034399009987564,0.12255718584117038
Tri-Training: PhysValenceNN8,0.5626540284408771,0.5868081880234526,0.5598553345429285,0.5730149916744753,0.06353788517769025,0.22483156078367292,0.12293838263352477,0.1373551909958944
Tri-Training: PhysValenceNN12,0.5518483412256907,0.5132676269769267,0.5562859490477615,0.5339116719137806,0.06383040943908708,0.2725446828960554,0.1562310823592357,0.21335123676295345
Tri-Training: AllArousalBLR4,0.6709004739311296,0.6072782410940382,0.6959165942598096,0.648582995950104,0.05118310809201813,0.1765338759632079,0.06477200834950667,0.091951854764852
Tri-Training: AllArousalBLR8,0.6856872037946647,0.6997725549647451,0.6806784660805384,0.6900934579453464,0.05184609831045522,0.19361099975572613,0.06288636855931251,0.10589597830554098
Tri-Training: AllArousalBLR12,0.6760189573434616,0.6209249431410951,0.6979122283707038,0.6571715145423126,0.06910949629714552,0.23145683870809539,0.06193282243142986,0.16409775160680207
Tri-Training: AllArousalRF4,0.6411374407523618,0.6910538286522804,0.6284039986219565,0.6582415598461537,0.05773545768816978,0.12653274702415845,0.07121096297404494,0.06936032031661175
Tri-Training: AllArousalRF8,0.6542180094723302,0.672100075817559,0.6489751098001614,0.6603351955270372,0.07061842425893794,0.12249043029067803,0.07652320652011,0.07232265219817724
Tri-Training: AllArousalRF12,0.6517535545036052,0.645185746776517,0.6538609296976862,0.6494943713030881,0.07318785080888014,0.13916053623003738,0.08105842596170693,0.09158531831989129
Tri-Training: AllArousalNN4,0.6354502369666662,0.5648218347213094,0.6578366446005585,0.607791148279246,0.06221715513584678,0.2235675542090801,0.050140821459219574,0.15216546169513112
Tri-Training: AllArousalNN8,0.6261611374419453,0.5966641395056734,0.6341659951641082,0.6148437500027053,0.07317929775213948,0.2269340089388207,0.056353243022599926,0.13012822380978611
Tri-Training: AllArousalNN12,0.6077725118523939,0.5545868081863659,0.6207042851225256,0.5857857857912472,0.0821924825778863,0.3005554813402647,0.05019605948723625,0.23326426202646047
Tri-Training: AllValenceBLR4,0.5764928909982492,0.4946929492058176,0.5915684496853653,0.5388109000848009,0.08448789106852009,0.21668014507416358,0.17472743892094905,0.17724613722815719
Tri-Training: AllValenceBLR8,0.580473933646598,0.5598938589824105,0.5840253064412811,0.5717050512842495,0.07731900102738938,0.20792605865313732,0.15115065695637303,0.16273198070712444
Tri-Training: AllValenceBLR12,0.5916587677774249,0.6012130401766534,0.5900297619104917,0.5955689072477826,0.07868039520851838,0.2337381834550364,0.16183505263793646,0.1756239713367477
Tri-Training: AllValenceRF4,0.5692890995231197,0.5204700530698871,0.5768907563072081,0.547229972102204,0.06429467797881032,0.15368961240268883,0.1366354348282208,0.10593716507263864
Tri-Training: AllValenceRF8,0.5878672985698348,0.5291887793765321,0.5996563573762931,0.5622231171906474,0.05917660534445444,0.13418758901931663,0.14185235435029783,0.11606080931554107
Tri-Training: AllValenceRF12,0.5749763033186255,0.5026535253885619,0.5877659574491427,0.5418880261499656,0.06767099293201341,0.13248096222362105,0.13989507026916737,0.12476526394948997
Tri-Training: AllValenceNN4,0.5675829383953889,0.566338134952867,0.5678449258901692,0.5670905295165465,0.04893643939036177,0.25080080552066264,0.18606763194174109,0.18915071502903488
Tri-Training: AllValenceNN8,0.550331753546067,0.46512509475915503,0.5607861060217586,0.508495648559919,0.06259339652504754,0.1943842567802716,0.18519518125274279,0.16974598243631261
Tri-Training: AllValenceNN12,0.5761137440826087,0.6266110690054079,0.5692148760375081,0.5965355467427045,0.06854076724828077,0.24678301974731945,0.1824360504808851,0.19738199378664847
